{"cameraMode":{"drawMode":0,"name":"Shaded","section":"Shading Mode"},"sceneLighting":false,"audioPlay":false,"sceneViewState":{"showFog":true,"showMaterialUpdate":false,"showSkybox":true,"showFlares":true,"showImageEffects":true,"showParticleSystems":true,"showVisualEffectGraphs":true,"m_FxEnabled":true},"in2DMode":false,"pivot":{"x":12.787476539611817,"y":-0.5322132110595703,"z":-9.557137489318848},"rotation":{"x":0.3220686614513397,"y":0.001084230374544859,"z":-0.00038037923513911664,"w":0.9467567205429077},"size":4.70461368560791,"orthographic":false}