{"cameraMode":{"drawMode":0,"name":"Shaded","section":"Shading Mode"},"sceneLighting":false,"audioPlay":false,"sceneViewState":{"showFog":true,"showMaterialUpdate":false,"showSkybox":true,"showFlares":true,"showImageEffects":true,"showParticleSystems":true,"showVisualEffectGraphs":true,"m_FxEnabled":true},"in2DMode":false,"pivot":{"x":0.14690861105918885,"y":0.049346327781677249,"z":2.0220093727111818},"rotation":{"x":0.07881224155426026,"y":0.012257667258381844,"z":-0.0009692081366665661,"w":0.9968142509460449},"size":7.346166133880615,"orthographic":false}